이벤트명,시작기간,종료기간,장소,좌표,통합정보모음,비고,예매처
TVアニメ「バンドリ！ ゆめ∞みた」× 極楽湯・RAKU SPAコラボ “ばばんばばんばんばんドリーム”開催決定！,2026-10-01,2026-10-20,,,https://bang-dream.com/news/2399/,TV 애니메이션 뱅드림! 유메∞미타 콜라보 이벤트,
BanG Dream! 13th☆LIVE DAY1 : Poppin'Party「Now Roading♪♪」,2026-10-10,2026-10-10,東京ガーデンシアター,"35.637750, 139.792043",https://bang-dream.com/events/13th-live-day1/,Poppin'Party의 BanG Dream! 13th☆LIVE.,
BanG Dream! 13th☆LIVE DAY2 : 夢限大みゅーたいぷ「DIMENSIONAL OVERLAP」,2026-10-11,2026-10-11,東京ガーデンシアター,"35.637750, 139.792043",https://bang-dream.com/events/13th-live-day2/,夢限大みゅーたいぷ의 BanG Dream! 13th☆LIVE.,
BanG Dream! 13th☆LIVE DAY3 : RAISE A SUILEN「EXTREME EXPRESS」,2026-10-12,2026-10-12,東京ガーデンシアター,"35.637750, 139.792043",https://bang-dream.com/events/13th-live-day3/,RAISE A SUILEN의 BanG Dream! 13th☆LIVE.,
Ave Mujica 7th LIVE「Virtus」,2026-10-24,2026-10-25,京王アリーナ TOKYO,"35.665672, 139.524665",https://bang-dream.com/events/avemujica_7th/,Ave Mujica의 7번째 단독 라이브.,
Bushiroad Fashion Journey,2026-10-25,2026-10-25,Shibuya Hikarie,"35.659180, 139.703685",https://bang-dream.com/events/bushiroad-fashion-journey/,Bushiroad Fashion Journey 패션 이벤트 및 라이브.,
BanG Dream! Our Notes × SWEETS PARADISE コラボ決定！,2026-11-02,2026-11-29,,,https://bang-dream.com/news/2427/,"전국 9개 매장, 매장별 기간 상이(11/2~11/29)",
MyGO!!!!! 9th LIVE「つなぎ目の向こうに」- 神戸再景編 -,2026-11-14,2026-11-15,ワールド記念ホール（神戸ポートアイランドホール）,"34.658500, 135.221300",https://bang-dream.com/events/mygo_9th_hyogo/,MyGO!!!!! 라이브 공연,
WONDERLIVET 2026,2026-11-20,2026-11-22,KINTEX HALL 7·8·9·10（韓国）,"37.66958, 126.74102",https://bang-dream.com/events/wonderlivet-2026/,"Roselia, MyGO!!!!!가 출연하는 라이브 이벤트.",
集え！ゆめみた筋トレ部 ～輝け！上腕二頭筋～,2026-11-21,2026-11-21,GARDEN 新木場 FACTORY,"35.638599, 139.827756",https://bang-dream.com/events/yumemita_kinntorebu2026/,夢限大みゅーたいぷ의 근력 트레이닝 테마 이벤트.,
EVANESCENCE 2026 JAPAN (SGC HALL ARIAKE),2026-12-01,2026-12-02,SGC HALL ARIAKE,"35.639500, 139.794000",https://bang-dream.com/events/evanescence_avemujica/,Ave Mujica의 EVANESCENCE 2026 JAPAN 라이브 출연.,
EVANESCENCE 2026 JAPAN (Zepp Osaka Bayside),2026-12-04,2026-12-04,Zepp Osaka Bayside,"34.640700, 135.414900",https://bang-dream.com/events/evanescence_avemujica/,Ave Mujica가 EVANESCENCE 라이브에 서포트 출연,
一家Dumb Rock! 1st GIG「ピース＆グルーヴ」,2026-12-12,2026-12-12,duo MUSIC EXCHANGE,"35.658715, 139.695526",https://bang-dream.com/events/ikka-dumb-rock_1st/,一家Dumb Rock! 라이브 공연,
NAKAMACHI ARALE LIVE 2026「RESONEXT」,2026-12-24,2026-12-24,大手町三井ホール,,https://bang-dream.com/events/nakamachiarale_live2026/,NAKAMACHI ARALE 라이브 공연,
millsage LIVE 001「極夜」,2026-12-25,2026-12-25,Spotify O-WEST,"35.658477, 139.695324",https://bang-dream.com/events/millsage_1st/,millsage 라이브 공연,
Morfonica LIVE「eleganza」,2027-01-09,2027-01-09,Kanadevia Hall,,https://bang-dream.com/events/eleganza/,Morfonica의 단독 라이브 콘서트.,
Roselia 10th Anniversary LIVE TOUR (TOYOTA ARENA TOKYO),2027-01-30,2027-01-30,TOYOTA ARENA TOKYO,"35.626591, 139.782654",https://bang-dream.com/events/roselia-10th-anniversary-live-tour/,Roselia 10주년 기념 라이브 투어,
Roselia 10th Anniversary LIVE TOUR (愛知県芸術劇場 大ホール),2027-02-28,2027-02-28,愛知県芸術劇場 大ホール,,https://bang-dream.com/events/roselia-10th-anniversary-live-tour/,Roselia 10주년 기념 라이브 투어,
Roselia 10th Anniversary LIVE TOUR (仙台サンプラザホール),2027-03-14,2027-03-14,仙台サンプラザホール,"38.257724, 140.894072",https://bang-dream.com/events/roselia-10th-anniversary-live-tour/,Roselia 10주년 기념 라이브 투어,
みやこのアトリエ,2027-03-20,2027-03-20,学校法人片柳学園 日本工学院専門学校 片柳記念ホール,,https://bang-dream.com/events/miyako_atelier/,藤都子(夢限大みゅーたいぷ)의 라이브 이벤트.,
Roselia 10th Anniversary LIVE TOUR (福岡サンパレス),2027-04-25,2027-04-25,福岡サンパレス,"33.603955, 130.402081",https://bang-dream.com/events/roselia-10th-anniversary-live-tour/,Roselia 10주년 기념 라이브 투어,
